<!DOCTYPE qgis_style>
<qgis_style version="1">
  <symbols>
    <symbol alpha="1" type="line" name="joint421">
      <layer pass="0" class="SimpleLine" locked="0">
        <prop k="capstyle" v="square"/>
        <prop k="customdash" v="5;2"/>
        <prop k="customdash_map_unit_scale" v="0,0"/>
        <prop k="customdash_unit" v="MM"/>
        <prop k="draw_inside_polygon" v="0"/>
        <prop k="joinstyle" v="bevel"/>
        <prop k="line_color" v="0,0,0,255"/>
        <prop k="line_style" v="solid"/>
        <prop k="line_width" v="0.3"/>
        <prop k="line_width_unit" v="MM"/>
        <prop k="offset" v="0"/>
        <prop k="offset_map_unit_scale" v="0,0"/>
        <prop k="offset_unit" v="MM"/>
        <prop k="use_custom_dash" v="0"/>
        <prop k="width_map_unit_scale" v="0,0"/>
      </layer>
    </symbol>
    <symbol alpha="1" type="line" name="joint422">
      <layer pass="0" class="MarkerLine" locked="0">
        <prop k="interval" v="2.5"/>
        <prop k="interval_map_unit_scale" v="0,0"/>
        <prop k="interval_unit" v="MM"/>
        <prop k="offset" v="0"/>
        <prop k="offset_along_line" v="1"/>
        <prop k="offset_along_line_map_unit_scale" v="0,0"/>
        <prop k="offset_along_line_unit" v="MM"/>
        <prop k="offset_map_unit_scale" v="0,0"/>
        <prop k="offset_unit" v="MM"/>
        <prop k="placement" v="interval"/>
        <prop k="rotate" v="1"/>
        <symbol alpha="1" type="marker" name="@joint422@0">
          <layer pass="0" class="SvgMarker" locked="0">
            <prop k="angle" v="0"/>
            <prop k="color" v="#000000"/>
            <prop k="horizontal_anchor_point" v="1"/>
            <prop k="name" v="geology/line300-200.svg"/>
            <prop k="offset" v="0,0"/>
            <prop k="offset_map_unit_scale" v="0,0"/>
            <prop k="offset_unit" v="MM"/>
            <prop k="outline_color" v="#000000"/>
            <prop k="outline_width" v="1"/>
            <prop k="outline_width_map_unit_scale" v="0,0"/>
            <prop k="outline_width_unit" v="MM"/>
            <prop k="scale_method" v="area"/>
            <prop k="size" v="2"/>
            <prop k="size_map_unit_scale" v="0,0"/>
            <prop k="size_unit" v="MM"/>
            <prop k="vertical_anchor_point" v="1"/>
          </layer>
        </symbol>
      </layer>
    </symbol>
    <symbol alpha="1" type="line" name="joint423">
      <layer pass="0" class="SimpleLine" locked="0">
        <prop k="capstyle" v="square"/>
        <prop k="customdash" v="5;2"/>
        <prop k="customdash_map_unit_scale" v="0,0"/>
        <prop k="customdash_unit" v="MM"/>
        <prop k="draw_inside_polygon" v="0"/>
        <prop k="joinstyle" v="bevel"/>
        <prop k="line_color" v="0,0,0,255"/>
        <prop k="line_style" v="solid"/>
        <prop k="line_width" v="0.3"/>
        <prop k="line_width_unit" v="MM"/>
        <prop k="offset" v="0"/>
        <prop k="offset_map_unit_scale" v="0,0"/>
        <prop k="offset_unit" v="MM"/>
        <prop k="use_custom_dash" v="0"/>
        <prop k="width_map_unit_scale" v="0,0"/>
      </layer>
      <layer pass="0" class="MarkerLine" locked="0">
        <prop k="interval" v="3"/>
        <prop k="interval_map_unit_scale" v="0,0"/>
        <prop k="interval_unit" v="MM"/>
        <prop k="offset" v="0"/>
        <prop k="offset_along_line" v="0"/>
        <prop k="offset_along_line_map_unit_scale" v="0,0"/>
        <prop k="offset_along_line_unit" v="MM"/>
        <prop k="offset_map_unit_scale" v="0,0"/>
        <prop k="offset_unit" v="MM"/>
        <prop k="placement" v="centralpoint"/>
        <prop k="rotate" v="1"/>
        <symbol alpha="1" type="marker" name="@joint423@1">
          <layer pass="0" class="SimpleMarker" locked="0">
            <prop k="angle" v="0"/>
            <prop k="color" v="0,0,0,255"/>
            <prop k="horizontal_anchor_point" v="1"/>
            <prop k="name" v="line"/>
            <prop k="offset" v="0,0"/>
            <prop k="offset_map_unit_scale" v="0,0"/>
            <prop k="offset_unit" v="MM"/>
            <prop k="outline_color" v="0,0,0,255"/>
            <prop k="outline_style" v="solid"/>
            <prop k="outline_width" v="0.2"/>
            <prop k="outline_width_map_unit_scale" v="0,0"/>
            <prop k="outline_width_unit" v="MM"/>
            <prop k="scale_method" v="area"/>
            <prop k="size" v="1.75"/>
            <prop k="size_map_unit_scale" v="0,0"/>
            <prop k="size_unit" v="MM"/>
            <prop k="vertical_anchor_point" v="2"/>
          </layer>
        </symbol>
      </layer>
    </symbol>
    <symbol alpha="1" type="line" name="joint425">
      <layer pass="0" class="SimpleLine" locked="0">
        <prop k="capstyle" v="square"/>
        <prop k="customdash" v="5;2"/>
        <prop k="customdash_map_unit_scale" v="0,0"/>
        <prop k="customdash_unit" v="MM"/>
        <prop k="draw_inside_polygon" v="0"/>
        <prop k="joinstyle" v="bevel"/>
        <prop k="line_color" v="0,0,0,255"/>
        <prop k="line_style" v="solid"/>
        <prop k="line_width" v="0.3"/>
        <prop k="line_width_unit" v="MM"/>
        <prop k="offset" v="0"/>
        <prop k="offset_map_unit_scale" v="0,0"/>
        <prop k="offset_unit" v="MM"/>
        <prop k="use_custom_dash" v="0"/>
        <prop k="width_map_unit_scale" v="0,0"/>
      </layer>
      <layer pass="0" class="MarkerLine" locked="0">
        <prop k="interval" v="3"/>
        <prop k="interval_map_unit_scale" v="0,0"/>
        <prop k="interval_unit" v="MM"/>
        <prop k="offset" v="0"/>
        <prop k="offset_along_line" v="0"/>
        <prop k="offset_along_line_map_unit_scale" v="0,0"/>
        <prop k="offset_along_line_unit" v="MM"/>
        <prop k="offset_map_unit_scale" v="0,0"/>
        <prop k="offset_unit" v="MM"/>
        <prop k="placement" v="centralpoint"/>
        <prop k="rotate" v="1"/>
        <symbol alpha="1" type="marker" name="@joint425@1">
          <layer pass="0" class="SimpleMarker" locked="0">
            <prop k="angle" v="0"/>
            <prop k="color" v="0,0,0,255"/>
            <prop k="horizontal_anchor_point" v="1"/>
            <prop k="name" v="line"/>
            <prop k="offset" v="0,0"/>
            <prop k="offset_map_unit_scale" v="0,0"/>
            <prop k="offset_unit" v="MM"/>
            <prop k="outline_color" v="0,0,0,255"/>
            <prop k="outline_style" v="solid"/>
            <prop k="outline_width" v="0.2"/>
            <prop k="outline_width_map_unit_scale" v="0,0"/>
            <prop k="outline_width_unit" v="MM"/>
            <prop k="scale_method" v="area"/>
            <prop k="size" v="2.5"/>
            <prop k="size_map_unit_scale" v="0,0"/>
            <prop k="size_unit" v="MM"/>
            <prop k="vertical_anchor_point" v="1"/>
          </layer>
        </symbol>
      </layer>
    </symbol>
    <symbol alpha="1" type="marker" name="joint431">
      <layer pass="0" class="SvgMarker" locked="0">
        <prop k="angle" v="0"/>
        <prop k="color" v="#000000"/>
        <prop k="horizontal_anchor_point" v="1"/>
        <prop k="name" v="geology/joint.svg"/>
        <prop k="offset" v="0,0"/>
        <prop k="offset_map_unit_scale" v="0,0"/>
        <prop k="offset_unit" v="MM"/>
        <prop k="outline_color" v="#000000"/>
        <prop k="outline_width" v="1"/>
        <prop k="outline_width_map_unit_scale" v="0,0"/>
        <prop k="outline_width_unit" v="MM"/>
        <prop k="scale_method" v="area"/>
        <prop k="size" v="5"/>
        <prop k="size_map_unit_scale" v="0,0"/>
        <prop k="size_unit" v="MM"/>
        <prop k="vertical_anchor_point" v="1"/>
      </layer>
    </symbol>
    <symbol alpha="1" type="marker" name="joint432">
      <layer pass="0" class="SvgMarker" locked="0">
        <prop k="angle" v="270"/>
        <prop k="color" v="#000000"/>
        <prop k="horizontal_anchor_point" v="1"/>
        <prop k="name" v="geology/joint_inclined.svg"/>
        <prop k="offset" v="0,0"/>
        <prop k="offset_map_unit_scale" v="0,0"/>
        <prop k="offset_unit" v="MM"/>
        <prop k="outline_color" v="#000000"/>
        <prop k="outline_width" v="1"/>
        <prop k="outline_width_map_unit_scale" v="0,0"/>
        <prop k="outline_width_unit" v="MM"/>
        <prop k="scale_method" v="area"/>
        <prop k="size" v="5"/>
        <prop k="size_map_unit_scale" v="0,0"/>
        <prop k="size_unit" v="MM"/>
        <prop k="vertical_anchor_point" v="1"/>
      </layer>
    </symbol>
    <symbol alpha="1" type="marker" name="joint433">
      <layer pass="0" class="SvgMarker" locked="0">
        <prop k="angle" v="0"/>
        <prop k="color" v="#000000"/>
        <prop k="horizontal_anchor_point" v="1"/>
        <prop k="name" v="geology/joint_vertical.svg"/>
        <prop k="offset" v="0,0"/>
        <prop k="offset_map_unit_scale" v="0,0"/>
        <prop k="offset_unit" v="MM"/>
        <prop k="outline_color" v="#000000"/>
        <prop k="outline_width" v="1"/>
        <prop k="outline_width_map_unit_scale" v="0,0"/>
        <prop k="outline_width_unit" v="MM"/>
        <prop k="scale_method" v="area"/>
        <prop k="size" v="5"/>
        <prop k="size_map_unit_scale" v="0,0"/>
        <prop k="size_unit" v="MM"/>
        <prop k="vertical_anchor_point" v="1"/>
      </layer>
    </symbol>
    <symbol alpha="1" type="marker" name="joint434">
      <layer pass="0" class="SvgMarker" locked="0">
        <prop k="angle" v="0"/>
        <prop k="color" v="#000000"/>
        <prop k="horizontal_anchor_point" v="1"/>
        <prop k="name" v="geology/joint_inclined_right.svg"/>
        <prop k="offset" v="0,0"/>
        <prop k="offset_map_unit_scale" v="0,0"/>
        <prop k="offset_unit" v="MM"/>
        <prop k="outline_color" v="#000000"/>
        <prop k="outline_width" v="1"/>
        <prop k="outline_width_map_unit_scale" v="0,0"/>
        <prop k="outline_width_unit" v="MM"/>
        <prop k="scale_method" v="area"/>
        <prop k="size" v="5.5"/>
        <prop k="size_map_unit_scale" v="0,0"/>
        <prop k="size_unit" v="MM"/>
        <prop k="vertical_anchor_point" v="1"/>
      </layer>
    </symbol>
    <symbol alpha="1" type="marker" name="joint435">
      <layer pass="0" class="SvgMarker" locked="0">
        <prop k="angle" v="0"/>
        <prop k="color" v="#000000"/>
        <prop k="horizontal_anchor_point" v="1"/>
        <prop k="name" v="geology/joint_inclined_left.svg"/>
        <prop k="offset" v="0,0"/>
        <prop k="offset_map_unit_scale" v="0,0"/>
        <prop k="offset_unit" v="MM"/>
        <prop k="outline_color" v="#000000"/>
        <prop k="outline_width" v="1"/>
        <prop k="outline_width_map_unit_scale" v="0,0"/>
        <prop k="outline_width_unit" v="MM"/>
        <prop k="scale_method" v="area"/>
        <prop k="size" v="5.5"/>
        <prop k="size_map_unit_scale" v="0,0"/>
        <prop k="size_unit" v="MM"/>
        <prop k="vertical_anchor_point" v="1"/>
      </layer>
    </symbol>
    <symbol alpha="1" type="marker" name="joint436">
      <layer pass="0" class="SvgMarker" locked="0">
        <prop k="angle" v="0"/>
        <prop k="color" v="#000000"/>
        <prop k="horizontal_anchor_point" v="1"/>
        <prop k="name" v="geology/joint_vertical_multiple.svg"/>
        <prop k="offset" v="0,0"/>
        <prop k="offset_map_unit_scale" v="0,0"/>
        <prop k="offset_unit" v="MM"/>
        <prop k="outline_color" v="#000000"/>
        <prop k="outline_width" v="1"/>
        <prop k="outline_width_map_unit_scale" v="0,0"/>
        <prop k="outline_width_unit" v="MM"/>
        <prop k="scale_method" v="area"/>
        <prop k="size" v="5.5"/>
        <prop k="size_map_unit_scale" v="0,0"/>
        <prop k="size_unit" v="MM"/>
        <prop k="vertical_anchor_point" v="1"/>
      </layer>
    </symbol>
  </symbols>
  <colorramps/>
</qgis_style>
