<!DOCTYPE qgis_style>
<qgis_style version="1">
  <symbols>
    <symbol alpha="1" type="line" name="contour">
      <layer pass="0" class="SimpleLine" locked="0">
        <prop k="capstyle" v="square"/>
        <prop k="customdash" v="5;2"/>
        <prop k="customdash_map_unit_scale" v="0,0"/>
        <prop k="customdash_unit" v="MM"/>
        <prop k="draw_inside_polygon" v="0"/>
        <prop k="joinstyle" v="bevel"/>
        <prop k="line_color" v="168,74,9,255"/>
        <prop k="line_style" v="solid"/>
        <prop k="line_width" v="0.15"/>
        <prop k="line_width_unit" v="MM"/>
        <prop k="offset" v="0"/>
        <prop k="offset_map_unit_scale" v="0,0"/>
        <prop k="offset_unit" v="MM"/>
        <prop k="use_custom_dash" v="0"/>
        <prop k="width_map_unit_scale" v="0,0"/>
      </layer>
    </symbol>
    <symbol alpha="1" type="line" name="contour-approximate">
      <layer pass="0" class="SimpleLine" locked="0">
        <prop k="capstyle" v="square"/>
        <prop k="customdash" v="1.75;0.5"/>
        <prop k="customdash_map_unit_scale" v="0,0"/>
        <prop k="customdash_unit" v="MM"/>
        <prop k="draw_inside_polygon" v="0"/>
        <prop k="joinstyle" v="bevel"/>
        <prop k="line_color" v="168,74,9,255"/>
        <prop k="line_style" v="dash"/>
        <prop k="line_width" v="0.15"/>
        <prop k="line_width_unit" v="MM"/>
        <prop k="offset" v="0"/>
        <prop k="offset_map_unit_scale" v="0,0"/>
        <prop k="offset_unit" v="MM"/>
        <prop k="use_custom_dash" v="1"/>
        <prop k="width_map_unit_scale" v="0,0"/>
      </layer>
    </symbol>
    <symbol alpha="1" type="line" name="index-contour">
      <layer pass="0" class="SimpleLine" locked="0">
        <prop k="capstyle" v="square"/>
        <prop k="customdash" v="5;2"/>
        <prop k="customdash_map_unit_scale" v="0,0"/>
        <prop k="customdash_unit" v="MM"/>
        <prop k="draw_inside_polygon" v="0"/>
        <prop k="joinstyle" v="bevel"/>
        <prop k="line_color" v="168,74,9,255"/>
        <prop k="line_style" v="solid"/>
        <prop k="line_width" v="0.25"/>
        <prop k="line_width_unit" v="MM"/>
        <prop k="offset" v="0"/>
        <prop k="offset_map_unit_scale" v="0,0"/>
        <prop k="offset_unit" v="MM"/>
        <prop k="use_custom_dash" v="0"/>
        <prop k="width_map_unit_scale" v="0,0"/>
      </layer>
    </symbol>
    <symbol alpha="1" type="line" name="river-intermittent">
      <layer pass="0" class="SimpleLine" locked="0">
        <prop k="capstyle" v="square"/>
        <prop k="customdash" v="0.2;0.6"/>
        <prop k="customdash_map_unit_scale" v="0,0"/>
        <prop k="customdash_unit" v="MM"/>
        <prop k="draw_inside_polygon" v="0"/>
        <prop k="joinstyle" v="bevel"/>
        <prop k="line_color" v="0,255,255,255"/>
        <prop k="line_style" v="solid"/>
        <prop k="line_width" v="0.2"/>
        <prop k="line_width_unit" v="MM"/>
        <prop k="offset" v="0"/>
        <prop k="offset_map_unit_scale" v="0,0"/>
        <prop k="offset_unit" v="MM"/>
        <prop k="use_custom_dash" v="1"/>
        <prop k="width_map_unit_scale" v="0,0"/>
      </layer>
      <layer pass="0" class="SimpleLine" locked="0">
        <prop k="capstyle" v="square"/>
        <prop k="customdash" v="4.3;3.6"/>
        <prop k="customdash_map_unit_scale" v="0,0"/>
        <prop k="customdash_unit" v="MM"/>
        <prop k="draw_inside_polygon" v="0"/>
        <prop k="joinstyle" v="bevel"/>
        <prop k="line_color" v="0,255,255,255"/>
        <prop k="line_style" v="solid"/>
        <prop k="line_width" v="0.2"/>
        <prop k="line_width_unit" v="MM"/>
        <prop k="offset" v="0"/>
        <prop k="offset_map_unit_scale" v="0,0"/>
        <prop k="offset_unit" v="MM"/>
        <prop k="use_custom_dash" v="1"/>
        <prop k="width_map_unit_scale" v="0,0"/>
      </layer>
    </symbol>
    <symbol alpha="1" type="line" name="river-perennial">
      <layer pass="0" class="SimpleLine" locked="0">
        <prop k="capstyle" v="square"/>
        <prop k="customdash" v="5;2"/>
        <prop k="customdash_map_unit_scale" v="0,0"/>
        <prop k="customdash_unit" v="MM"/>
        <prop k="draw_inside_polygon" v="0"/>
        <prop k="joinstyle" v="bevel"/>
        <prop k="line_color" v="0,255,255,255"/>
        <prop k="line_style" v="solid"/>
        <prop k="line_width" v="0.2"/>
        <prop k="line_width_unit" v="MM"/>
        <prop k="offset" v="0"/>
        <prop k="offset_map_unit_scale" v="0,0"/>
        <prop k="offset_unit" v="MM"/>
        <prop k="use_custom_dash" v="0"/>
        <prop k="width_map_unit_scale" v="0,0"/>
      </layer>
    </symbol>
  </symbols>
  <colorramps/>
</qgis_style>
